Instrument,Usage,IGName,IGType,IGMargin,IGEpic,IGPeriods,IGMinimum,IGMin2,UnitMultiplier,InvertFirst,NorgateInstrument,FirstContract,Name,Exchange,Currency,AssetClass,TickSize,PointValue,Margin,first_contract,gran
ASX,,Australia 200,INDICES,0.05,IX.D.ASX,MONTH1|MONTH2|MONTH3|MONTH4,0.25,2,1,FALSE,YAP,,ASX SPI 200,SFE,AUD,Stock Index,1,25,15279,YAP-1983H,1
AUD,,AUD/USD Forward,CURRENCIES,0.05,CF.D.AUD,MAR|JUN|SEP|DEC,0.25,1,10000,FALSE,6A,,Australian Dollar,CME,USD,Currency,5.00E-05,100000,2090,6A-1987H,0.5
AUS10,NOT AT IG,,,1,,,,,100,FALSE,YXT,,ASX 10 Year Treasury Bond,SFE,AUD,Interest Rate,0.0025,8000,2625,YXT-1985H,0.25
AUS3,NOT AT IG,,,1,,,,,100,FALSE,YYT,,ASX 3 Year Treasury Bond,SFE,AUD,Interest Rate,0.005,2800,1075,YYT-1988M,0.5
AUS90,NOT AT IG,,,1,,,,,100,FALSE,YIR,,ASX 90 Day Bank Accepted Bills,SFE,AUD,Interest Rate,0.01,2400,1056,YIR-1991H,1
AUSCASH,,Australian 30-Day Interbank Rate,RATES,0.2,IR.D.IB,Month1|Month2|Month3|Month4|Month5,0.25,0.5,100,FALSE,YIB,,ASX 30 Day Interbank Cash Rate,SFE,AUD,Interest Rate,0.005,8932,570,YIB-2003U,0.5
BARLEY,NOT AT IG,,,1,,,,,1,FALSE,AFB,,Eastern Australia Feed Barley,SFE,AUD,Agriculture,0.1,20,493,AFB-2003X,0.1
BITCOIN,NOT AT IG,,,1,,,,,1,FALSE,BTC,,Bitcoin,CME,USD,Currency,5,5,93251,BTC-2018F,5
BITCOIN_micro,DUPLICATE,,,1,,,,,1,FALSE,MBT,,Micro Bitcoin,,USD,Currency,5,0.1,1865,MBT-2021K,5
BOBL,,Bobl,RATES,0.2,IR.D.FGBM,Month1|Month2,0.25,0.5,100,FALSE,FGBM,,Euro-Bobl,Eurex,EUR,Interest Rate,0.01,1000,1381,FGBM-1999H,1
BRENT,,Oil - Brent Crude,COMMODITIES,0.1,EN.D.LCO,Month2|Month3|Month4|Month5|Month6,0.25,0.25,100,FALSE,BRN,,Brent Crude Oil,ICE,USD,Energy,0.01,1000,4350,BRN-1988U,1
BTP,,Long-Term BTP,RATES,0.2,IR.D.FBTP,Month1|Month2,0.25,0.5,100,FALSE,FBTP,,Euro-BTP Long-Term,Eurex,EUR,Interest Rate,0.01,1000,3843,FBTP-2009Z,1
BUND,,Bund,RATES,0.2,IR.D.FGBL,Month1|Month2,0.25,0.5,100,FALSE,FGBL,,Euro-Bund,Eurex,EUR,Interest Rate,0.01,1000,2559,FGBL-1999H,1
BUXL,,Buxl,RATES,0.2,IR.D.FGBX,Month1|Month2,0.25,0.5,100,FALSE,FGBX,,Euro-Buxl,Eurex,EUR,Interest Rate,0.02,1000,4434,FGBX-2005Z,2
CAC,,France 40,INDICES,0.05,IX.D.CAC,Month1|Month2,0.25,1,1,FALSE,FCE,,CAC 40,EURONEXT,EUR,Stock Index,0.5,10,7765,FCE-1988U,0.5
CAD,,USD/CAD Forward,CURRENCIES,0.033,CF.D.USDCAD,MAR|JUN|SEP|DEC,0.25,0.5,10000,TRUE,6C,,Canadian Dollar,CME,USD,Currency,5.00E-05,100000,1100,6C-1980H,0.5
CAD10,NOT AT IG,,,1,,,,,100,FALSE,CGB,,10-Year Govt. of Canada Bond,ME,CAD,Interest Rate,0.01,1000,2089,CGB-1997H,1
CANOLA,NOT AT IG,,,1,,,,,1,FALSE,RS,RS-1996U,Canola,ICE US,CAD,Agriculture,0.1,20,612,RS-1981F,0.1
CHF,,USD/CHF Forward,CURRENCIES,0.033,CF.D.USDCHF,MAR|JUN|SEP|DEC,0.25,1,10000,TRUE,6S,,Swiss Franc,CME,USD,Currency,5.00E-05,125000,4950,6S-1980H,0.5
COCOA,,New York Cocoa,COMMODITIES,0.1,CO.D.CC,Month1|Month2|Month3|Month4|Month5|Month6|Month7,0.25,1,1,FALSE,CC,,Cocoa,ICE US,USD,Agriculture,1,10,5180,CC-1980Z,1
COCOA_LDN,,London Cocoa,COMMODITIES,0.1,CO.D.LCC,Month1|Month2|Month3|Month4|Month5|Month6|Month7,0.25,2,1,FALSE,LCC,,London Cocoa,ICE,GBP,Agriculture,1,10,5270,LCC-1983H,1
COFFEE,,Coffee Arabica,COMMODITIES,0.1,CO.D.KC,Month1|Month2,0.25,0.5,100,FALSE,KC,,Coffee C,ICE US,USD,Agriculture,0.05,375,6919,KC-1980H,5
COPPER,,High Grade Copper,COMMODITIES,0.1,MT.D.HG,Month1|Month2|Month3,0.25,0.1,100,FALSE,HG,,Copper,NYMEX,USD,Metal,0.05,250,13200,HG-1980F,5
CORN,,Corn,COMMODITIES,0.1,CO.D.C,Month1|Month2|Month3,0.25,10,1,FALSE,ZC,,Corn,CBOT,USD,Agriculture,0.25,50,1073,ZC-1979H,0.25
CORRA,NOT AT IG,,,1,,,,,100,FALSE,CRA,,Three-Month CORRA,,,Interest Rate,0.0025,2500,723,CRA-2020M,0.25
COTTON,,NY Cotton,COMMODITIES,0.1,CO.D.CT,Month1|Month2,0.25,0.5,100,FALSE,CT,,Cotton No. 2,ICE US,USD,Agriculture,0.01,500,1300,CT-1980H,1
CRUDE,,Oil - US Crude,COMMODITIES,0.1,EN.D.CL,Month1|Month2|Month3,0.25,1,100,FALSE,CL,,Crude Oil,NYMEX,USD,Energy,0.01,1000,5720,CL-1983M,1
DAX,,Germany 40,INDICES,0.05,IX.D.DAX,FAR|VFAR,0.25,0.5,1,FALSE,FDAX,,DAX,Eurex,EUR,Stock Index,0.5,25,42527,FDAX-1999H,0.5
DOW,,Wall Street,INDICES,0.05,IX.D.DOW,MONTH1|MONTH2,0.25,0.2,1,FALSE,YM,,E-mini Dow ($5),CBOT,USD,Stock Index,1,5,11440,YM-2002M,1
DOW_micro,DUPLICATE,,,1,,,,,1,FALSE,MYM,,Micro E-mini Dow Jones Industrial Average,,USD,Stock Index,1,0.5,1144,MYM-2019M,1
DX,,US Dollar Basket,COMMODITIES,0.1,CO.D.DX,Month1|Month2,0.25,0.5,100,FALSE,DX,,US Dollar Index,ICE US,USD,Currency,0.001,1000,1988,DX-1986H,0.1
ETHEREUM,NOT AT IG,,,1,,,,,1,FALSE,ETH,,Ether,CME,USD,Currency,0.5,50,36546,ETH-2021G,0.5
ETHEREUM_micro,DUPLICATE,,,1,,,,,1,FALSE,MET,,Micro Ether,,USD,Currency,0.5,0.1,73,MET-2021Z,0.5
EUA,,Carbon Emissions,COMMODITIES,0.1,CO.D.CFI,Month1|Month2|Month3,0.25,0.25,100,FALSE,EUA,,EUA,ICE,EUR,Other,0.01,1000,4850,EUA-2008Z,1
EUR,,EUR/USD Forward,CURRENCIES,0.033,CF.D.EURUSD,MAR|JUN|SEP|DEC,0.25,1,10000,FALSE,6E,,Euro FX,CME,USD,Currency,5.00E-05,125000,2970,6E-1999H,0.5
EURIBOR,,Euribor,RATES,0.2,IR.D.FEI,Month1|Month2|Month3|Month4|MONTH5|MONTH6|Month7|Month8|Month9|Mnth10|Month11|Mnth12|Mnth13|Month14|Month15|Month16,0.25,0.5,100,FALSE,LEU,,Euribor,ICE,EUR,Interest Rate,0.005,2500,613,LEU-1999H,0.5
EUROSTX,,EU Stocks 50,INDICES,0.05,IX.D.STXE,MONTH2|MONTH3,0.25,1,1,FALSE,FESX,,EURO STOXX 50,Eurex,EUR,Stock Index,1,10,3985,FESX-1999M,1
FED,,US 30-Day Fed Funds Rate,RATES,0.2,IR.D.FF,Month1|Month2|Month3|Month5|Month6|Month7|Month8|Month9|Month10|Month11|Month12|MonthX,0.25,0.5,100,FALSE,ZQ,,30 Day Federal Funds,CBOT,USD,Interest Rate,0.0025,4167,1458,ZQ-1988V,0.25
FEEDCOW,NOT AT IG,,,1,,,,,100,FALSE,GF,,Feeder Cattle,CME,USD,Agriculture,0.025,500,6600,GF-1980F,2.5
FTSE100,,FTSE 100,INDICES,0.05,IX.D.FTSE,MONTH1|MONTH2,0.25,0.5,1,FALSE,LFT,,FTSE 100,ICE,GBP,Stock Index,0.5,10,5780,LFT-1994Z,0.5
FTSECHINA,NOT AT IG,,,1,,,,,1,FALSE,SCN,,FTSE China A50 Index,SGX-DT,USD,Stock Index,1,1,1056,SCN-2010Q,1
GAS_UK,,UK Natural Gas,COMMODITIES,0.25,EN.D.ICENG,Month9|tba,0.25,0.25,10,FALSE,GWM,,UK Natural Gas,ICE,GBP,Energy,0.01,1000,355,GWM-1997H,0.1
GAS_US,,Natural Gas,COMMODITIES,0.1,EN.D.NG,Month1|Month2|Month3,0.25,0.5,1000,FALSE,NG,,Henry Hub Natural Gas,NYMEX,USD,Energy,0.001,10000,6050,NG-1990M,1
GASOIL,,London Gas Oil,COMMODITIES,0.1,EN.D.LGO,Month1|Month2,0.25,20,1,FALSE,GAS,,Low Sulphur Gasoil,ICE,USD,Energy,0.25,100,4234,GAS-1989Q,0.25
GASOLINE,,No Lead Gasoline,COMMODITIES,0.1,EN.D.RB,Month1|Month2|Month3,0.25,0.5,10000,FALSE,RB,,RBOB Gasoline,NYMEX,USD,Energy,0.0001,42000,6050,RB-2006F,1
GBP,,GBP/USD Forward,CURRENCIES,0.033,CF.D.GBPUSD,MAR|JUN|SEP|DEC,0.25,1,10000,FALSE,6B,,British Pound,CME,USD,Currency,0.0001,62500,2200,6B-1980H,1
GICS,NOT AT IG,,,1,,,,,1,FALSE,GD,,S&P GSCI,CME,USD,Other,0.05,250,12100,GD-1996N,0.05
GILT,,Long Gilt,RATES,0.2,IR.D.FLG,Month1|Month2,0.25,0.5,100,FALSE,LLG,,Long Gilt,ICE,GBP,Interest Rate,0.01,1000,2230,LLG-1988U,1
GOLD,,Gold,COMMODITIES,0.05,MT.D.GC,Month1|Month2|Month3,0.25,1,1,FALSE,GC,,Gold,NYMEX,USD,Metal,0.1,100,33764,GC-1980F,0.1
HANG,,Hong Kong HS50,INDICES,0.1,IX.D.HANGSENG,NEAR|FAR|VFAR,0.25,0.1,1,FALSE,HSI,,Hang Seng Index,HKFE,HKD,Stock Index,1,50,117705,HSI-1996J,1
HANG_mini,DUPLICATE,,,1,,,,,1,FALSE,MHI,,Hang Seng Index - Mini,HKFE,HKD,Stock Index,1,10,23541,MHI-2000V,1
HEATOIL,,Heating Oil,COMMODITIES,0.1,EN.D.HO,Month1|Month2|Month3,0.25,0.5,10000,FALSE,HO,HO-1979U,NY Harbor ULSD,NYMEX,USD,Energy,0.0001,42000,9460,HO-1979G,1
JGB,,Japanese Government Bond,RATES,0.2,IR.D.JGB,Month1|Month2|Month3,0.25,0.5,100,FALSE,SJB,,Japanese Govt Bond - Mini,SGX-DT,JPY,Interest Rate,0.01,100000,146300,SJB-2000H,1
JPY,,USD/JPY Forward,CURRENCIES,0.033,CF.D.USDJPY,MAR|JUN|SEP|DEC,0.25,1,10000,TRUE,6J,,Japanese Yen,CME,USD,Currency,5.00E-05,125000,3080,6J-1980H,0.5
KOSPI,NOT AT IG,,,1,,,,,1,FALSE,KOS,,KOSPI 200,KRX,KRW,Stock Index,0.05,250000,22724250,KOS-2001H,0.05
LEANHOG,,Lean Hogs,COMMODITIES,0.1,CO.D.LH,Month1|Month2,0.25,0.1,100,FALSE,HE,,Lean Hogs,CME,USD,Agriculture,0.025,400,1870,HE-1980G,2.5
LIVECOW,,Live Cattle,COMMODITIES,0.1,CO.D.LC,Month1|Month2,0.25,0.5,100,FALSE,LE,,Live Cattle,CME,USD,Agriculture,0.025,400,3630,LE-1980G,2.5
LUMBER,,Lumber Future,COMMODITIES,0.1,CO.D.LXR,Month1|Month2,0.25,0.1,100,FALSE,LBR,,Lumber,CME,USD,Agriculture,0.5,27.5,1100,LBR-2022U,50
MILK,NOT AT IG,,,1,,,,,100,FALSE,DC,,Class III Milk,CME,USD,Agriculture,0.01,2000,1815,DC-1997N,1
MSCISING,,Singapore Blue Chip,INDICES,0.1,IX.D.SINGAPORE,MONTH1|MONTH2,0.25,20,1,FALSE,SSG,,MSCI Singapore Index,SGX-DT,SGD,Stock Index,0.05,100,2970,SSG-1998V,0.05
MSCITAIWAN,NOT AT IG,,,1,,,,,1,FALSE,HTW,,MSCI Taiwan Index,HKFE,USD,Stock Index,0.1,100,13047,HTW-1997H,0.1
MXP,NOT AT IG,,,1,,,,,10000,TRUE,6M,,Mexican Peso,CME,USD,Currency,1.00E-05,500000,1210,6M-1995M,0.1
NASDAQ,,US Tech 100,INDICES,0.05,IX.D.NASDAQ,MONTH3|MONTH4,0.25,0.5,1,FALSE,NQ,,E-mini Nasdaq-100,CME,USD,Stock Index,0.25,20,24420,NQ-1999U,0.25
NASDAQ_micro,DUPLICATE,,,1,,,,,1,FALSE,MNQ,,Micro E-mini Nasdaq-100,,USD,Stock Index,0.25,2,2442,MNQ-2019M,0.25
NIKKEI,,Japan 225,INDICES,0.05,IX.D.NIKFUT,FAR|FAR3,0.25,0.5,1,FALSE,NKD,,Nikkei 225 Dollar,CME,USD,Stock Index,5,5,14300,NKD-1990Z,5
NIKKEI_JPY,DUPLICATE,,,1,,,,,1,FALSE,NIY,,Nikkei 225 Yen,CME,JPY,Stock Index,5,500,1430000,NIY-2004H,5
NIKKEI_SGX,DUPLICATE,,,1,,,,,1,FALSE,SNK,,Nikkei 225 (SGX),SGX-DT,JPY,Stock Index,5,500,2200000,SNK-1990U,5
NZD,,NZD/USD Forward,CURRENCIES,0.05,CF.D.NZDUSD,MAR|JUN|SEP|DEC,0.25,1,10000,FALSE,6N,,New Zealand Dollar,CME,USD,Currency,5.00E-05,100000,1430,6N-2007H,0.5
OAT,,OAT French Government Bond,RATES,0.2,IR.D.FOAT,Month1|Month2,0.25,0.5,100,FALSE,FOAT,,Euro-OAT,Eurex,EUR,Interest Rate,0.01,1000,2262,FOAT-2012M,1
OATIES,,Oats,COMMODITIES,0.1,CO.D.O,Month1|Month2,0.25,15,1,FALSE,ZO,,Oats,CBOT,USD,Agriculture,0.25,50,1375,ZO-1979H,0.25
OJ,,NY Orange Juice,COMMODITIES,0.1,CO.D.OJ,Month1|Month2,0.25,0.5,100,FALSE,OJ,,Frozen Concentrated Orange Juice Grade A,ICE US,USD,Agriculture,0.05,150,4341,OJ-1980F,5
PALLAD,,Palladium,COMMODITIES,0.1,MT.D.PA,Month1|Month2,0.25,2,1,FALSE,PA,,Palladium,NYMEX,USD,Metal,0.1,100,24977,PA-1982Z,0.1
PLAT,,Platinum,COMMODITIES,0.1,MT.D.PL,Month1|Month2,0.25,3,1,FALSE,PL,,Platinum,NYMEX,USD,Metal,0.1,50,15444,PL-1980F,0.1
REDWHEAT,NOT AT IG,,,1,,,,,1,FALSE,KE,,KC HRW Wheat,KCBT,USD,Agriculture,0.25,50,1760,KE-1980H,0.25
RICE,,Rough Rice,COMMODITIES,0.1,CO.D.RR,Month1|Month2,0.25,0.5,10,FALSE,ZR,,Rough Rice,CBOT,USD,Agriculture,0.5,20,1375,ZR-1986X,5
ROBUSTA,,Coffee Robusta,COMMODITIES,0.1,CO.D.LKD,Month1|Month2|Month3,0.25,2,1,FALSE,LRC,,Robusta Coffee 10 Tonne,ICE,USD,Agriculture,1,10,4290,LRC-1983F,1
RUSSELL,,US Russell 2000,INDICES,0.1,IX.D.RUSSELL,MONTH1|MONTH2,0.25,2,1,FALSE,RTY,,E-mini Russell 2000,CME,USD,Stock Index,0.1,50,8360,RTY-2001Z,0.1
RUSSELL_micro,DUPLICATE,,,1,,,,,1,FALSE,M2K,,Micro E-mini Russell 2000,,USD,Stock Index,0.1,5,836,M2K-2019M,0.1
SHATZ,,Schatz,RATES,0.2,IR.D.FGBS,Month1|Month2,0.25,0.5,100,FALSE,FGBS,,Euro-Schatz,Eurex,EUR,Interest Rate,0.005,1000,485,FGBS-1999H,0.5
SILVER,,Silver,COMMODITIES,0.1,MT.D.SI,Month1|Month2|Month3,0.25,1,1,FALSE,SI,,Silver,NYMEX,USD,Metal,0.5,50,65196,SI-1980F,0.5
SMI,,Switzerland Blue Chip,INDICES,0.1,IX.D.SMI,MONTH1|MONTH2,0.25,0.5,1,FALSE,FSMI,,Swiss Market Index,Eurex,CHF,Stock Index,1,10,7950,FSMI-1999H,1
SOFR,,3 Month SOFR,RATES,0.2,IR.D.SRA,Month1|Month3|MONTH7|Mnth10|Mnth11|Month12|Month13|Month16|Month17|MonthM,0.25,0.5,100,FALSE,SR3,,3-Month SOFR,CME,USD,Interest Rate,0.0025,2500,908,SR3-2018M,0.25
SONIA,,3 Month SONIA,RATES,0.2,IR.D.FSS,Month2|Month3|Month4|Month6|Month7|Month8|month9|Month10|Month11|MONTHC,0.25,0.5,100,FALSE,SO3,,3-Month SONIA,ICE,GBP,Interest Rate,0.0025,2500,729,SO3-2018M,0.25
SOYBEAN,,Soybeans,COMMODITIES,0.1,CO.D.S,Month1|Month2|Month3,0.25,3,1,FALSE,ZS,,Soybean,CBOT,USD,Agriculture,0.25,50,2200,ZS-1979F,0.25
SOYMEAL,,Soybean Meal,COMMODITIES,0.1,CO.D.SM,Month1|Month2,0.25,0.25,100,FALSE,ZM,,Soybean Meal,CBOT,USD,Agriculture,0.1,100,1705,ZM-1979F,10
SOYOIL,,Soybean Oil,COMMODITIES,0.1,CO.D.BO,Month1|Month2|Month3|Month4,0.25,1,100,FALSE,ZL,,Soybean Oil,CBOT,USD,Agriculture,0.01,600,2310,ZL-1979F,1
SP400,NOT AT IG,,,1,,,,,1,FALSE,EMD,,E-mini S&P MidCap 400,CME,USD,Stock Index,0.1,100,20240,EMD-2002H,0.1
SP500,,US 500,INDICES,0.05,IX.D.SPTRD,MONTH1|MONTH2,0.25,1,1,FALSE,ES,,E-mini S&P 500,CME,USD,Stock Index,0.25,50,16060,ES-1997Z,0.25
SP500_micro,DUPLICATE,,,1,,,,,1,FALSE,MES,,Micro E-mini S&P 500,,USD,Stock Index,0.25,5,1606,MES-2019M,0.25
SUGAR11,,NY Sugar No. 11,COMMODITIES,0.1,CO.D.SB,Month1|Month2|Month3|Month4|Month5|Month6|Month7|Month8,0.25,2,100,FALSE,SB,,Sugar No. 11,ICE US,USD,Agriculture,0.01,1120,918,SB-1980F,1
SUGAR5,,London Sugar No. 5,COMMODITIES,0.1,CO.D.LSU,Month1|Month2|Month3|Month4|Month5|Month6,0.25,0.1,1,FALSE,LSU,,White Sugar,ICE,USD,Agriculture,0.1,50,1387,LSU-1990H,0.1
TECDAX,NOT AT IG,,,1,,,,,1,FALSE,FTDX,,TecDAX,Eurex,EUR,Stock Index,0.5,10,2863,FTDX-2005Z,0.5
TSX,NOT AT IG,,,1,,,,,1,FALSE,SXF,,S&P/TSX 60 Index,ME,CAD,Stock Index,0.1,200,20856,SXF-1999Z,0.1
US10,,10-Year T-Note Decimalised,RATES,0.2,IR.D.10YEAR100,Month1|Month2,0.25,0.5,100,FALSE,ZN,,10-Year U.S. T-Note,CBOT,USD,Interest Rate,0.015625,1000,2063,ZN-1982M,1.5625
US10U,NOT AT IG,,,1,,,,,100,FALSE,TN,,Ultra 10-Year U.S. T-Note,CBOT,USD,Interest Rate,0.015625,1000,2805,TN-2016H,1.5625
US2,,2-Year T-Note Decimalised,RATES,0.2,IR.D.02YEAR100,Month1|Month2,0.25,0.5,100,FALSE,ZT,,2-Year U.S. T-Note,CBOT,USD,Interest Rate,0.00390625,2000,1320,ZT-1990U,0.390625
US30,,Treasury Bond Decimalised,RATES,0.2,IR.D.BOND100,Month1|Month2,0.25,0.5,100,FALSE,ZB,,U.S. T-Bond,CBOT,USD,Interest Rate,0.03125,1000,4070,ZB-1980H,3.125
US30U,,Ultra Treasury Bond Decimalised,RATES,0.2,IR.D.ULTRA100,Month1|Month2,0.25,0.5,100,FALSE,UB,,Ultra U.S. T-Bond,CBOT,USD,Interest Rate,0.03125,1000,5665,UB-2010H,3.125
US5,,5-Year T-Note Decimalised,RATES,0.2,IR.D.05YEAR100,Month1|Month2,0.25,0.5,100,FALSE,ZF,,5-Year U.S. T-Note,CBOT,USD,Interest Rate,0.0078125,1000,1375,ZF-1988M,0.78125
VIX,,Volatility Index,INDICES,0.2,IN.D.VIX,MONTH1|MONTH2|MONTH3|MONTH4|MONTH5,0.25,100,1,FALSE,VX,,CBOE Volatility Index,CBOE,USD,Stock Index,0.05,1000,9405,VX-2004K,0.05
WHEAT,,Chicago Wheat,COMMODITIES,0.1,CO.D.W,Month1|Month2|Month3|MonthZ,0.25,5,1,FALSE,ZW,,Chicago SRW Wheat,CBOT,USD,Agriculture,0.25,50,1815,ZW-1979H,0.25
WHEAT_EA,NOT AT IG,,,1,,,,,1,FALSE,AWM,,Eastern Australia Wheat,SFE,AUD,Agriculture,0.1,20,589,AWM-2004F,0.1
WHEAT_HRS,NOT AT IG,,,1,,,,,1,FALSE,MWE,,Hard Red Spring Wheat,MGE,USD,Agriculture,0.25,50,1925,MWE-1980H,0.25
WHEAT_ICE,,London Wheat,COMMODITIES,0.1,CO.D.LWB,Month1|Month3|Month4,0.25,20,1,FALSE,LWB,,Feed Wheat,ICE,GBP,Agriculture,0.05,100,831,LWB-1992M,0.05
WTI,NOT AT IG,,,1,,,,,100,FALSE,WBS,,WTI Crude Oil,ICE,USD,Energy,0.01,1000,4980,WBS-2006H,1
